code,code_description,terminology,active_in_algorithm,diabetes_type,diabetes_type_level2,diabetes_type_level3
E10,Type 1 diabetes mellitus,ICD10,1,Type 1,,
E100,Type 1 diabetes mellitus With coma,ICD10,1,Type 1,,
E101,Type 1 diabetes mellitus With ketoacidosis,ICD10,1,Type 1,,
E102,Type 1 diabetes mellitus With renal complications,ICD10,1,Type 1,,
E103,Type 1 diabetes mellitus With ophthalmic complications,ICD10,1,Type 1,,
E104,Type 1 diabetes mellitus With neurological complications,ICD10,1,Type 1,,
E105,Type 1 diabetes mellitus With peripheral circulatory complications,ICD10,1,Type 1,,
E106,Type 1 diabetes mellitus With other specified complications,ICD10,1,Type 1,,
E107,Type 1 diabetes mellitus With multiple complications,ICD10,1,Type 1,,
E108,Type 1 diabetes mellitus With unspecified complications,ICD10,1,Type 1,,
E109,Type 1 diabetes mellitus Without complications,ICD10,1,Type 1,,
O240,Diabetes mellitus in pregnancy: Pre-existing type 1 diabetes mellitus,ICD10,1,Type 1,,
104941000119109,Ischemia of retina due to type 1 diabetes mellitus (disorder),SNOMED,1,Type 1,,
1067201000000106,Eating disorder co-occurrent with diabetes mellitus type 1 (disorder),SNOMED,1,Type 1,,
190330002,Hyperosmolar coma due to type 1 diabetes mellitus (disorder),SNOMED,1,Type 1,,
190368000,Type I diabetes mellitus with ulcer (disorder),SNOMED,1,Type 1,,
190369008,Type I diabetes mellitus with gangrene (disorder),SNOMED,1,Type 1,,
190372001,Type I diabetes mellitus maturity onset (disorder),SNOMED,1,Type 1,,
23045005,Insulin dependent diabetes mellitus type IA (disorder),SNOMED,1,Type 1,,
237618001,Insulin-dependent diabetes mellitus secretory diarrhea syndrome (disorder),SNOMED,1,Type 1,,
279291000000109,Diabetes type 1 review (regime/therapy),SNOMED,1,Type 1,,
290002008,Brittle type I diabetes mellitus (finding),SNOMED,1,Type 1,,
31211000119101,Peripheral angiopathy due to type 1 diabetes mellitus (disorder),SNOMED,1,Type 1,,
313435000,Type I diabetes mellitus without complication (disorder),SNOMED,1,Type 1,,
314771006,Type I diabetes mellitus with hypoglycemic coma (disorder),SNOMED,1,Type 1,,
314893005,Arthropathy due to type 1 diabetes mellitus (disorder),SNOMED,1,Type 1,,
367991000119101,Hyperglycemia due to type 1 diabetes mellitus (disorder),SNOMED,1,Type 1,,
401110002,Type 1 diabetes mellitus with persistent microalbuminuria (disorder),SNOMED,1,Type 1,,
420270002,Ketoacidosis due to type 1 diabetes mellitus (disorder),SNOMED,1,Type 1,,
420486006,Exudative maculopathy due to type 1 diabetes mellitus (disorder),SNOMED,1,Type 1,,
420514000,Persistent proteinuria due to type 1 diabetes mellitus (disorder),SNOMED,1,Type 1,,
420789003,Retinopathy due to type 1 diabetes mellitus (disorder),SNOMED,1,Type 1,,
420825003,Gangrene due to type 1 diabetes mellitus (disorder),SNOMED,1,Type 1,,
420868002,Disorder due to type 1 diabetes mellitus (disorder),SNOMED,1,Type 1,,
420918009,Mononeuropathy due to type 1 diabetes mellitus (disorder),SNOMED,1,Type 1,,
421075007,Ketoacidotic coma due to type 1 diabetes mellitus (disorder),SNOMED,1,Type 1,,
421365002,Peripheral circulatory disorder due to type 1 diabetes mellitus (disorder),SNOMED,1,Type 1,,
421468001,Disorder of nervous system due to type 1 diabetes mellitus (disorder),SNOMED,1,Type 1,,
421893009,Renal disorder due to type 1 diabetes mellitus (disorder),SNOMED,1,Type 1,,
421920002,Cataract of eye due to diabetes mellitus type 1 (disorder),SNOMED,1,Type 1,,
422228004,Multiple complications due to type 1 diabetes mellitus (disorder),SNOMED,1,Type 1,,
444073006,Type I diabetes mellitus uncontrolled (finding),SNOMED,1,Type 1,,
46635009,Diabetes mellitus type 1 (disorder),SNOMED,1,Type 1,,
472970003,History of diabetes mellitus type 1 (situation),SNOMED,1,Type 1,,
703137001,Type I diabetes mellitus in remission (disorder),SNOMED,1,Type 1,,
713702000,Gastroparesis due to type 1 diabetes mellitus (disorder),SNOMED,1,Type 1,,
713705003,Polyneuropathy due to type 1 diabetes mellitus (disorder),SNOMED,1,Type 1,,
71771000119100,Neuropathic arthropathy due to type 1 diabetes mellitus (disorder),SNOMED,1,Type 1,,
739681000,Disorder of eye due to type 1 diabetes mellitus (disorder),SNOMED,1,Type 1,,
754101000000103,Type I diabetic dietary review (regime/therapy),SNOMED,1,Type 1,,
754461000000105,Referral to type I diabetes structured education programme (procedure),SNOMED,1,Type 1,,
769219006,Macular edema due to type 1 diabetes mellitus (disorder),SNOMED,1,Type 1,,
199229001,Pre-existing type 1 diabetes mellitus (disorder),SNOMED,1,Type 1,,
28032008,Insulin dependent diabetes mellitus type IB (disorder),SNOMED,1,Type 1,,
31321000119102,Diabetes mellitus type 1 without retinopathy (disorder),SNOMED,1,Type 1,,
444074000,Type I diabetes mellitus well controlled (finding),SNOMED,1,Type 1,,
609564002,Pre-existing type 1 diabetes mellitus in pregnancy (disorder),SNOMED,1,Type 1,,
770098001,Cranial nerve palsy due to type 1 diabetes mellitus (disorder),SNOMED,1,Type 1,,
870528001,Newly diagnosed type 1 diabetes mellitus (finding),SNOMED,1,Type 1,,
102781000119107,Sensory neuropathy due to type 1 diabetes mellitus (disorder),SNOMED,1,Type 1,,
104951000119106,Vitreous hemorrhage due to type 1 diabetes mellitus (disorder),SNOMED,1,Type 1,,
1.06562310001191E+016,Ulcer of skin of toe due to type 1 diabetes mellitus (disorder),SNOMED,1,Type 1,,
109171000119104,Retinal edema due to type 1 diabetes mellitus (disorder),SNOMED,1,Type 1,,
110141000119100,Ulcer of lower limb due to type 1 diabetes mellitus (disorder),SNOMED,1,Type 1,,
120711000119108,Hypoglycemic unawareness due to type 1 diabetes mellitus (disorder),SNOMED,1,Type 1,,
128001000119105,Hypertension concurrent and due to end stage renal disease on dialysis due to type 1 diabetes mellitus (disorder),SNOMED,1,Type 1,,
137941000119106,Hyperlipidemia due to type 1 diabetes mellitus (disorder),SNOMED,1,Type 1,,
138881000119106,Mild nonproliferative retinopathy due to type 1 diabetes mellitus (disorder),SNOMED,1,Type 1,,
138891000119109,Moderate nonproliferative retinopathy due to type 1 diabetes mellitus (disorder),SNOMED,1,Type 1,,
1571000119104,Mixed hyperlipidemia due to type 1 diabetes mellitus (disorder),SNOMED,1,Type 1,,
164881000119109,Ulcer of foot due to type 1 diabetes mellitus (disorder),SNOMED,1,Type 1,,
1.66974210001191E+016,Moderate nonproliferative retinopathy of left eye due to diabetes mellitus type 1 (disorder),SNOMED,1,Type 1,,
1.66974710001191E+016,Moderate nonproliferative retinopathy of right eye due to diabetes mellitus type 1 (disorder),SNOMED,1,Type 1,,
1.66975210001191E+016,Moderate nonproliferative retinopathy of bilateral eyes due to diabetes mellitus type 1 (disorder),SNOMED,1,Type 1,,
1.67452110001191E+016,Nonproliferative retinopathy of left eye due to diabetes mellitus type 1 (disorder),SNOMED,1,Type 1,,
1.67454110001191E+016,Mild nonproliferative retinopathy of bilateral eyes due to diabetes mellitus type 1 (disorder),SNOMED,1,Type 1,,
1.67456110001191E+016,Mild nonproliferative retinopathy of right eye due to diabetes mellitus type 1 (disorder),SNOMED,1,Type 1,,
1.67458910001191E+016,Mild nonproliferative retinopathy of left eye due to diabetes mellitus type 1 (disorder),SNOMED,1,Type 1,,
1.67466610001191E+016,Nonproliferative retinopathy of bilateral eyes due to diabetes mellitus type 1 (disorder),SNOMED,1,Type 1,,
1.67467410001191E+016,Nonproliferative retinopathy of right eye due to diabetes mellitus type 1 (disorder),SNOMED,1,Type 1,,
1.67469410001191E+016,Severe nonproliferative retinopathy of left eye due to diabetes mellitus type 1 (disorder),SNOMED,1,Type 1,,
1.67471010001191E+016,Severe nonproliferative retinopathy of bilateral eyes due to diabetes mellitus type 1 (disorder),SNOMED,1,Type 1,,
1.67473410001191E+016,Severe nonproliferative retinopathy of right eye due to diabetes mellitus type 1 (disorder),SNOMED,1,Type 1,,
1.67477410001191E+016,Proliferative retinopathy of left eye due to diabetes mellitus type 1 (disorder),SNOMED,1,Type 1,,
1.67487410001191E+016,Proliferative retinopathy of right eye due to diabetes mellitus type 1 (disorder),SNOMED,1,Type 1,,
1.67497810001191E+016,Proliferative retinopathy of bilateral eyes due to diabetes mellitus type 1 (disorder),SNOMED,1,Type 1,,
1.68911910001191E+016,Coronary artery disease due to type 1 diabetes mellitus (disorder),SNOMED,1,Type 1,,
18521000119106,Microalbuminuria due to type 1 diabetes mellitus (disorder),SNOMED,1,Type 1,,
243421000119104,Proteinuria due to type 1 diabetes mellitus (disorder),SNOMED,1,Type 1,,
367211000119103,Inflammatory dermatosis due to type 1 diabetes mellitus (disorder),SNOMED,1,Type 1,,
368521000119107,Disorder of nerve co-occurrent and due to type 1 diabetes mellitus (disorder),SNOMED,1,Type 1,,
368541000119101,Cheiroarthropathy due to diabetes mellitus type 1 (disorder),SNOMED,1,Type 1,,
368551000119104,Dyslipidemia due to type 1 diabetes mellitus (disorder),SNOMED,1,Type 1,,
368561000119102,Hyperosmolarity due to type 1 diabetes mellitus (disorder),SNOMED,1,Type 1,,
421165007,Diabetic oculopathy associated with type I diabetes mellitus (disorder),SNOMED,1,Type 1,,
421305000,Persistent microalbuminuria due to type 1 diabetes mellitus (disorder),SNOMED,1,Type 1,,
421437000,Hypoglycemic coma due to type 1 diabetes mellitus (disorder),SNOMED,1,Type 1,,
426907004,Small vessel disease due to type 1 diabetes mellitus (disorder),SNOMED,1,Type 1,,
427571000,Lumbosacral radiculoplexus neuropathy due to type 1 diabetes mellitus (disorder),SNOMED,1,Type 1,,
428896009,Hyperosmolality due to uncontrolled type 1 diabetes mellitus (disorder),SNOMED,1,Type 1,,
609566000,Pregnancy and type 1 diabetes mellitus (disorder),SNOMED,1,Type 1,,
60961000119107,Nonproliferative diabetic retinopathy due to type 1 diabetes mellitus (disorder),SNOMED,1,Type 1,,
60971000119101,Proliferative retinopathy due to type 1 diabetes mellitus (disorder),SNOMED,1,Type 1,,
60991000119100,Blindness due to type 1 diabetes mellitus (disorder),SNOMED,1,Type 1,,
691000119103,Erectile dysfunction due to type 1 diabetes mellitus (disorder),SNOMED,1,Type 1,,
706891008,Neuropathy due to unstable diabetes mellitus type 1 (disorder),SNOMED,1,Type 1,,
706894000,Retinopathy due to unstable diabetes mellitus type 1 (disorder),SNOMED,1,Type 1,,
712882000,Autonomic neuropathy due to type 1 diabetes mellitus (disorder),SNOMED,1,Type 1,,
71701000119105,Hypertension in chronic kidney disease due to type 1 diabetes mellitus (disorder),SNOMED,1,Type 1,,
71721000119101,Nephrotic syndrome due to type 1 diabetes mellitus (disorder),SNOMED,1,Type 1,,
71791000119104,Peripheral neuropathy due to type 1 diabetes mellitus (disorder),SNOMED,1,Type 1,,
72021000119109,Dermopathy due to type 1 diabetes mellitus (disorder),SNOMED,1,Type 1,,
72031000119107,Severe malnutrition due to type 1 diabetes mellitus (disorder),SNOMED,1,Type 1,,
72041000119103,Osteomyelitis due to type 1 diabetes mellitus (disorder),SNOMED,1,Type 1,,
721283000,Acidosis due to type 1 diabetes mellitus (disorder),SNOMED,1,Type 1,,
72141000119104,Chronic ulcer of skin due to type 1 diabetes mellitus (disorder),SNOMED,1,Type 1,,
789542009,Neuropathy due to type 1 diabetes mellitus (disorder),SNOMED,1,Type 1,,
789571005,Ulcer of heel due to type 1 diabetes mellitus (disorder),SNOMED,1,Type 1,,
789572003,Ulcer of midfoot due to type 1 diabetes mellitus (disorder),SNOMED,1,Type 1,,
82571000119107,Traction detachment of retina due to type 1 diabetes mellitus (disorder),SNOMED,1,Type 1,,
82581000119105,Rubeosis iridis due to type 1 diabetes mellitus (disorder),SNOMED,1,Type 1,,
84371000119108,Hypoglycemia due to type 1 diabetes mellitus (disorder),SNOMED,1,Type 1,,
87471000119106,Ulcer of ankle due to type 1 diabetes mellitus (disorder),SNOMED,1,Type 1,,
87481000119109,Heel AND/OR midfoot ulcer due to type 1 diabetes mellitus (disorder),SNOMED,1,Type 1,,
87491000119107,Ulcer of forefoot due to type 1 diabetes mellitus (disorder),SNOMED,1,Type 1,,
90721000119101,Chronic kidney disease stage 1 due to type 1 diabetes mellitus (disorder),SNOMED,1,Type 1,,
90731000119103,Chronic kidney disease stage 2 due to type 1 diabetes mellitus (disorder),SNOMED,1,Type 1,,
90741000119107,Chronic kidney disease stage 3 due to type 1 diabetes mellitus (disorder),SNOMED,1,Type 1,,
90751000119109,Chronic kidney disease stage 4 due to type 1 diabetes mellitus (disorder),SNOMED,1,Type 1,,
90761000119106,Chronic kidney disease stage 5 due to type 1 diabetes mellitus (disorder),SNOMED,1,Type 1,,
90771000119100,End stage renal disease on dialysis due to type 1 diabetes mellitus (disorder),SNOMED,1,Type 1,,
96441000119101,Chronic kidney disease due to type 1 diabetes mellitus (disorder),SNOMED,1,Type 1,,
E11,Type 2 diabetes mellitus,ICD10,1,Type 2,,
E110,Type 2 diabetes mellitus With coma,ICD10,1,Type 2,,
E111,Type 2 diabetes mellitus With ketoacidosis,ICD10,1,Type 2,,
E112,Type 2 diabetes mellitus With renal complications,ICD10,1,Type 2,,
E113,Type 2 diabetes mellitus With ophthalmic complications,ICD10,1,Type 2,,
E114,Type 2 diabetes mellitus With neurological complications,ICD10,1,Type 2,,
E115,Type 2 diabetes mellitus With peripheral circulatory complications,ICD10,1,Type 2,,
E116,Type 2 diabetes mellitus With other specified complications,ICD10,1,Type 2,,
E117,Type 2 diabetes mellitus With multiple complications,ICD10,1,Type 2,,
E118,Type 2 diabetes mellitus With unspecified complications,ICD10,1,Type 2,,
E119,Type 2 diabetes mellitus Without complications,ICD10,1,Type 2,,
O241,Diabetes mellitus in pregnancy: Pre-existing type 2 diabetes mellitus,ICD10,1,Type 2,,
110181000119105,Peripheral sensory neuropathy due to type 2 diabetes mellitus (disorder),SNOMED,1,Type 2,,
140381000119104,Neuropathic ulcer of toe due to type 2 diabetes mellitus (disorder),SNOMED,1,Type 2,,
140391000119101,Ulcer of toe due to type 2 diabetes mellitus (disorder),SNOMED,1,Type 2,,
140521000119107,Ischemic ulcer of foot due to type 2 diabetes mellitus (disorder),SNOMED,1,Type 2,,
1491000119102,Vitreous hemorrhage due to type 2 diabetes mellitus (disorder),SNOMED,1,Type 2,,
1511000119107,Peripheral neuropathy due to type 2 diabetes mellitus (disorder),SNOMED,1,Type 2,,
157141000119108,Proteinuria due to type 2 diabetes mellitus (disorder),SNOMED,1,Type 2,,
190331003,Hyperosmolar coma due to type 2 diabetes mellitus (disorder),SNOMED,1,Type 2,,
190388001,Multiple complications due to type 2 diabetes mellitus (disorder),SNOMED,1,Type 2,,
190389009,Type II diabetes mellitus with ulcer (disorder),SNOMED,1,Type 2,,
199230006,Pre-existing type 2 diabetes mellitus (disorder),SNOMED,1,Type 2,,
237599002,Insulin treated type 2 diabetes mellitus (disorder),SNOMED,1,Type 2,,
237627000,Pregnancy and type 2 diabetes mellitus (disorder),SNOMED,1,Type 2,,
24471000000103,Type 2 diabetic on insulin (finding),SNOMED,1,Type 2,,
24481000000101,Type 2 diabetic on diet only (finding),SNOMED,1,Type 2,,
279321000000104,Diabetes type 2 review (regime/therapy),SNOMED,1,Type 2,,
313436004,Type II diabetes mellitus without complication (disorder),SNOMED,1,Type 2,,
314902007,Peripheral angiopathy due to type 2 diabetes mellitus (disorder),SNOMED,1,Type 2,,
314903002,Arthropathy due to type 2 diabetes mellitus (disorder),SNOMED,1,Type 2,,
314904008,Type II diabetes mellitus with neuropathic arthropathy (disorder),SNOMED,1,Type 2,,
395204000,Hyperosmolar non-ketotic state due to type 2 diabetes mellitus (disorder),SNOMED,1,Type 2,,
420279001,Renal disorder due to type 2 diabetes mellitus (disorder),SNOMED,1,Type 2,,
420436000,Mononeuropathy due to type 2 diabetes mellitus (disorder),SNOMED,1,Type 2,,
420715001,Persistent microalbuminuria due to type 2 diabetes mellitus (disorder),SNOMED,1,Type 2,,
420756003,Cataract of eye due to diabetes mellitus type 2 (disorder),SNOMED,1,Type 2,,
421326000,Disorder of nervous system due to type 2 diabetes mellitus (disorder),SNOMED,1,Type 2,,
421631007,Gangrene due to type 2 diabetes mellitus (disorder),SNOMED,1,Type 2,,
421750000,Ketoacidosis due to type 2 diabetes mellitus (disorder),SNOMED,1,Type 2,,
421779007,Exudative maculopathy due to type 2 diabetes mellitus (disorder),SNOMED,1,Type 2,,
421847006,Ketoacidotic coma due to type 2 diabetes mellitus (disorder),SNOMED,1,Type 2,,
421986006,Persistent proteinuria due to type 2 diabetes mellitus (disorder),SNOMED,1,Type 2,,
422014003,Disorder due to type 2 diabetes mellitus (disorder),SNOMED,1,Type 2,,
422034002,Retinopathy due to type 2 diabetes mellitus (disorder),SNOMED,1,Type 2,,
422099009,Disorder of eye due to type 2 diabetes mellitus (disorder),SNOMED,1,Type 2,,
422166005,Peripheral circulatory disorder due to type 2 diabetes mellitus (disorder),SNOMED,1,Type 2,,
44054006,Diabetes mellitus type 2 (disorder),SNOMED,1,Type 2,,
443694000,Type II diabetes mellitus uncontrolled (finding),SNOMED,1,Type 2,,
445353002,Brittle type II diabetes mellitus (finding),SNOMED,1,Type 2,,
472969004,History of diabetes mellitus type 2 (situation),SNOMED,1,Type 2,,
532411000000102,Diabetes mellitus adult onset with no mention of complication (disorder),SNOMED,1,Type 2,,
703138006,Type II diabetes mellitus in remission (disorder),SNOMED,1,Type 2,,
713703005,Gastroparesis due to type 2 diabetes mellitus (disorder),SNOMED,1,Type 2,,
713706002,Polyneuropathy due to type 2 diabetes mellitus (disorder),SNOMED,1,Type 2,,
719216001,Hypoglycemic coma due to type 2 diabetes mellitus (disorder),SNOMED,1,Type 2,,
731000119105,Chronic kidney disease stage 3 due to type 2 diabetes mellitus (disorder),SNOMED,1,Type 2,,
754121000000107,Type II diabetic dietary review (regime/therapy),SNOMED,1,Type 2,,
761000119102,Dyslipidemia due to type 2 diabetes mellitus (disorder),SNOMED,1,Type 2,,
791000119109,Angina due to type 2 diabetes mellitus (disorder),SNOMED,1,Type 2,,
81531005,Diabetes mellitus type 2 in obese (disorder),SNOMED,1,Type 2,,
87451000119102,Heel AND/OR midfoot ulcer due to type 2 diabetes mellitus (disorder),SNOMED,1,Type 2,,
164971000119101,Type 2 diabetes mellitus controlled by diet (finding),SNOMED,1,Type 2,,
359642000,Diabetes mellitus type 2 in nonobese (disorder),SNOMED,1,Type 2,,
444110003,Type II diabetes mellitus well controlled (finding),SNOMED,1,Type 2,,
609567009,Pre-existing type 2 diabetes mellitus in pregnancy (disorder),SNOMED,1,Type 2,,
769220000,Macular edema due to type 2 diabetes mellitus (disorder),SNOMED,1,Type 2,,
1003605004,Glaucoma suspect due to diabetes mellitus type 2 (disorder),SNOMED,1,Type 2,,
102621000119101,Ulcer of skin due to type 2 diabetes mellitus (disorder),SNOMED,1,Type 2,,
104961000119108,Ischemia of retina due to type 2 diabetes mellitus (disorder),SNOMED,1,Type 2,,
1.06562710001191E+016,Ulcer of skin of toe due to type 2 diabetes mellitus (disorder),SNOMED,1,Type 2,,
1.06616710001191E+016,Ulcer of right foot due to type 2 diabetes mellitus (disorder),SNOMED,1,Type 2,,
108781000119105,Neuropathic ulcer of midfoot AND/OR heel due to type 2 diabetes mellitus (disorder),SNOMED,1,Type 2,,
108791000119108,Suspected glaucoma due to type 2 diabetes mellitus (situation),SNOMED,1,Type 2,,
110171000119107,Ulcer of lower limb due to type 2 diabetes mellitus (disorder),SNOMED,1,Type 2,,
111231000119109,Dyslipidemia with high density lipoprotein below reference range and triglyceride above reference range due to type 2 diabetes mellitus (disorder),SNOMED,1,Type 2,,
119831000119106,Hypoglycemia unawareness due to type 2 diabetes mellitus (disorder),SNOMED,1,Type 2,,
120731000119103,Hypoglycemia due to type 2 diabetes mellitus (disorder),SNOMED,1,Type 2,,
12811000119100,Complication due to diabetes mellitus type 2 (disorder),SNOMED,1,Type 2,,
137931000119102,Hyperlipidemia due to type 2 diabetes mellitus (disorder),SNOMED,1,Type 2,,
138911000119106,Mild nonproliferative retinopathy due to type 2 diabetes mellitus (disorder),SNOMED,1,Type 2,,
138921000119104,Moderate nonproliferative retinopathy due to type 2 diabetes mellitus (disorder),SNOMED,1,Type 2,,
140101000119109,Hypertension in chronic kidney disease stage 5 due to type 2 diabetes mellitus (disorder),SNOMED,1,Type 2,,
140111000119107,Hypertension in chronic kidney disease stage 4 due to type 2 diabetes mellitus (disorder),SNOMED,1,Type 2,,
140121000119100,Hypertension in chronic kidney disease stage 3 due to type 2 diabetes mellitus (disorder),SNOMED,1,Type 2,,
140131000119102,Hypertension in chronic kidney disease stage 2 due to type 2 diabetes mellitus (disorder),SNOMED,1,Type 2,,
140531000119105,Neuropathic ulcer of foot due to type 2 diabetes mellitus (disorder),SNOMED,1,Type 2,,
1481000119100,Diabetes mellitus type 2 without retinopathy (disorder),SNOMED,1,Type 2,,
1501000119109,Proliferative retinopathy due to type 2 diabetes mellitus (disorder),SNOMED,1,Type 2,,
1521000119100,Ulcer of foot due to type 2 diabetes mellitus (disorder),SNOMED,1,Type 2,,
1531000119102,Dermopathy due to type 2 diabetes mellitus (disorder),SNOMED,1,Type 2,,
1551000119108,Nonproliferative retinopathy due to type 2 diabetes mellitus (disorder),SNOMED,1,Type 2,,
1.59365010001191E+016,Inflammatory dermatosis due to type 2 diabetes mellitus (disorder),SNOMED,1,Type 2,,
1.67450510001191E+016,Nonproliferative retinopathy of right eye due to diabetes mellitus type 2 (disorder),SNOMED,1,Type 2,,
1.67451310001191E+016,Nonproliferative retinopathy of left eye due to diabetes mellitus type 2 (disorder),SNOMED,1,Type 2,,
1.67455310001191E+016,Mild nonproliferative retinopathy of left eye due to diabetes mellitus type 2 (disorder),SNOMED,1,Type 2,,
1.67456510001191E+016,Mild nonproliferative retinopathy of right eye due to diabetes mellitus type 2 (disorder),SNOMED,1,Type 2,,
1.67459310001191E+016,Mild nonproliferative retinopathy of bilateral eyes due to diabetes mellitus type 2 (disorder),SNOMED,1,Type 2,,
1.67461310001191E+016,Moderate nonproliferative retinopathy of left eye due to diabetes mellitus type 2 (disorder),SNOMED,1,Type 2,,
1.67462610001191E+016,Moderate nonproliferative retinopathy of right eye due to diabetes mellitus type 2 (disorder),SNOMED,1,Type 2,,
1.67463410001191E+016,Moderate nonproliferative retinopathy of bilateral eyes due to diabetes mellitus type 2 (disorder),SNOMED,1,Type 2,,
1.67469010001191E+016,Severe nonproliferative retinopathy of left eye due to diabetes mellitus type 2 (disorder),SNOMED,1,Type 2,,
1.67470210001191E+016,Severe nonproliferative retinopathy of bilateral eyes due to diabetes mellitus type 2 (disorder),SNOMED,1,Type 2,,
1.67471410001191E+016,Severe nonproliferative retinopathy of right eye due to diabetes mellitus type 2 (disorder),SNOMED,1,Type 2,,
1.67476610001191E+016,Nonproliferative retinopathy of bilateral eyes due to diabetes mellitus type 2 (disorder),SNOMED,1,Type 2,,
1.67479010001191E+016,Proliferative retinopathy of left eye due to diabetes mellitus type 2 (disorder),SNOMED,1,Type 2,,
1.67481410001191E+016,Proliferative retinopathy of bilateral eyes due to diabetes mellitus type 2 (disorder),SNOMED,1,Type 2,,
1.67496610001191E+016,Proliferative retinopathy of right eye due to diabetes mellitus type 2 (disorder),SNOMED,1,Type 2,,
1.68911510001191E+016,Coronary artery disease due to type 2 diabetes mellitus (disorder),SNOMED,1,Type 2,,
190390000,Type II diabetes mellitus with gangrene (disorder),SNOMED,1,Type 2,,
201000119106,Disorder due to well controlled type 2 diabetes mellitus (disorder),SNOMED,1,Type 2,,
28331000119107,Retinal edema due to type 2 diabetes mellitus (disorder),SNOMED,1,Type 2,,
368051000119109,Hyperglycemia due to type 2 diabetes mellitus (disorder),SNOMED,1,Type 2,,
368581000119106,Neuropathy due to type 2 diabetes mellitus (disorder),SNOMED,1,Type 2,,
368591000119109,Cheiroarthropathy due to diabetes mellitus type 2 (disorder),SNOMED,1,Type 2,,
41911000119107,Glaucoma due to type 2 diabetes mellitus (disorder),SNOMED,1,Type 2,,
427027005,Lumbosacral radiculoplexus neuropathy due to type 2 diabetes mellitus (disorder),SNOMED,1,Type 2,,
427134009,Small vessel disease due to type 2 diabetes mellitus (disorder),SNOMED,1,Type 2,,
428007007,Erectile dysfunction due to type 2 diabetes mellitus (disorder),SNOMED,1,Type 2,,
60951000119105,Blindness due to type 2 diabetes mellitus (disorder),SNOMED,1,Type 2,,
701000119103,Mixed hyperlipidemia due to type 2 diabetes mellitus (disorder),SNOMED,1,Type 2,,
711000119100,Chronic kidney disease stage 5 due to type 2 diabetes mellitus (disorder),SNOMED,1,Type 2,,
712883005,Autonomic neuropathy due to type 2 diabetes mellitus (disorder),SNOMED,1,Type 2,,
71421000119105,Hypertension in chronic kidney disease due to type 2 diabetes mellitus (disorder),SNOMED,1,Type 2,,
71441000119104,Nephrotic syndrome due to type 2 diabetes mellitus (disorder),SNOMED,1,Type 2,,
72051000119101,Severe malnutrition due to type 2 diabetes mellitus (disorder),SNOMED,1,Type 2,,
72061000119104,Osteomyelitis due to type 2 diabetes mellitus (disorder),SNOMED,1,Type 2,,
721000119107,Chronic kidney disease stage 4 due to type 2 diabetes mellitus (disorder),SNOMED,1,Type 2,,
721284006,Acidosis due to type 2 diabetes mellitus (disorder),SNOMED,1,Type 2,,
741000119101,Chronic kidney disease stage 2 due to type 2 diabetes mellitus (disorder),SNOMED,1,Type 2,,
751000119104,Chronic kidney disease stage 1 due to type 2 diabetes mellitus (disorder),SNOMED,1,Type 2,,
771000119108,Chronic kidney disease due to type 2 diabetes mellitus (disorder),SNOMED,1,Type 2,,
781000119106,Neuropathic arthropathy due to type 2 diabetes mellitus (disorder),SNOMED,1,Type 2,,
789567007,Ulcer of heel due to type 2 diabetes mellitus (disorder),SNOMED,1,Type 2,,
789569005,Neuropathic ulcer of heel due to type 2 diabetes mellitus (disorder),SNOMED,1,Type 2,,
789570006,Neuropathic ulcer of midfoot due to type 2 diabetes mellitus (disorder),SNOMED,1,Type 2,,
82541000119100,Traction detachment of retina due to type 2 diabetes mellitus (disorder),SNOMED,1,Type 2,,
82551000119103,Rubeosis iridis due to type 2 diabetes mellitus (disorder),SNOMED,1,Type 2,,
84361000119102,Insulin reactive hypoglycemia due to type 2 diabetes mellitus (disorder),SNOMED,1,Type 2,,
87441000119104,Ulcer of ankle due to type 2 diabetes mellitus (disorder),SNOMED,1,Type 2,,
87461000119100,Ulcer of forefoot due to type 2 diabetes mellitus (disorder),SNOMED,1,Type 2,,
87921000119104,Cranial nerve palsy due to type 2 diabetes mellitus (disorder),SNOMED,1,Type 2,,
90781000119102,Microalbuminuria due to type 2 diabetes mellitus (disorder),SNOMED,1,Type 2,,
90791000119104,End stage renal disease on dialysis due to type 2 diabetes mellitus (disorder),SNOMED,1,Type 2,,
97331000119101,Macular edema and retinopathy due to type 2 diabetes mellitus (disorder),SNOMED,1,Type 2,,
97341000119105,Proliferative retinopathy with retinal edema due to type 2 diabetes mellitus (disorder),SNOMED,1,Type 2,,
97621000119107,Stasis ulcer due to type 2 diabetes mellitus (disorder),SNOMED,1,Type 2,,
9859006,Acanthosis nigricans due to type 2 diabetes mellitus (disorder),SNOMED,1,Type 2,,
127991000119101,Hypertension concurrent and due to end stage renal disease on dialysis due to type 2 diabetes mellitus (disorder),SNOMED,1,Type 2,,
292571000000107,Cystic fibrosis related diabetes mellitus,SNOMED,1,Other,Genetic,Cystic Fibrosis
286451000000100,Cystic fibrosis related diabetes mellitus (disorder),SNOMED,1,Other,Genetic,Cystic Fibrosis
426705001,Diabetes mellitus co-occurrent and due to cystic fibrosis (disorder),SNOMED,1,Other,Genetic,Cystic Fibrosis
427089005,Diabetes mellitus due to cystic fibrosis (disorder),SNOMED,1,Other,Genetic,Cystic Fibrosis
609562003,Maturity onset diabetes of the young type 1 (disorder),SNOMED,1,Other,Genetic,MODY
237604008,Maturity onset diabetes of the young type 2 (disorder),SNOMED,1,Other,Genetic,MODY
78471000000108,Maturity onset diabetes mellitus in young,SNOMED,1,Other,Genetic,MODY
28453007,Maturity onset diabetes mellitus in young (disorder),SNOMED,1,Other,Genetic,MODY
400971001,Maturity onset diabetes mellitus in young (disorder),SNOMED,1,Other,Genetic,MODY
974141000000109,Maturity onset diabetes of the young type 5,SNOMED,1,Other,Genetic,MODY
974131000000100,Maturity onset diabetes of the young type 5 (disorder),SNOMED,1,Other,Genetic,MODY
609561005,Maturity-onset diabetes of the young (disorder),SNOMED,1,Other,Genetic,MODY
609577006,Maturity-onset diabetes of the young type 10 (disorder),SNOMED,1,Other,Genetic,MODY
609578001,Maturity-onset diabetes of the young type 11 (disorder),SNOMED,1,Other,Genetic,MODY
609570008,Maturity-onset diabetes of the young type 3 (disorder),SNOMED,1,Other,Genetic,MODY
609571007,Maturity-onset diabetes of the young type 4 (disorder),SNOMED,1,Other,Genetic,MODY
609572000,Maturity-onset diabetes of the young type 5 (disorder),SNOMED,1,Other,Genetic,MODY
609573005,Maturity-onset diabetes of the young type 6 (disorder),SNOMED,1,Other,Genetic,MODY
609574004,Maturity-onset diabetes of the young type 7 (disorder),SNOMED,1,Other,Genetic,MODY
609575003,Maturity-onset diabetes of the young type 8 (disorder),SNOMED,1,Other,Genetic,MODY
609576002,Maturity-onset diabetes of the young type 9 (disorder),SNOMED,1,Other,Genetic,MODY
771521000000101,History of autosomal dominant diabetes mellitus (situation),SNOMED,1,Other,Genetic,MODY
472972006,History of maturity onset diabetes mellitus in young (situation),SNOMED,1,Other,Genetic,MODY
609565001,Permanent neonatal diabetes mellitus (disorder),SNOMED,1,Other,Genetic,Neonatal
724067006,Permanent neonatal diabetes mellitus with cerebellar agenesis syndrome (disorder),SNOMED,1,Other,Genetic,Neonatal
782825008,Primary microcephaly epilepsy permanent neonatal diabetes syndrome (disorder),SNOMED,1,Other,Genetic,Neonatal
609568004,Diabetes mellitus due to genetic defect in beta cell function (disorder),SNOMED,1,Other,Genetic,NOS
609569007,Diabetes mellitus due to genetic defect in insulin action (disorder),SNOMED,1,Other,Genetic,NOS
91352004,Diabetes mellitus due to structurally abnormal insulin (disorder),SNOMED,1,Other,Genetic,NOS
5969009,Diabetes mellitus associated with genetic syndrome (disorder),SNOMED,1,Other,Genetic,NOS
715439000,Familial partial lipodystrophy type 2 (disorder),SNOMED,1,Other,Genetic,Other
390716007,Diabetes mellitus autosomal dominant type 2 (disorder),SNOMED,1,Other,Genetic,Other
70694009,Wolfram syndrome (disorder),SNOMED,1,Other,Genetic,Other
734022008,Wolfram-like syndrome (disorder),SNOMED,1,Other,Genetic,Other
237610008,Acrorenal field defect ectodermal dysplasia and lipoatrophic diabetes (disorder),SNOMED,1,Other,Genetic,Other
733072002,Alaninuria microcephaly dwarfism enamel hypoplasia diabetes mellitus syndrome (disorder),SNOMED,1,Other,Genetic,Other
720519003,Atherosclerosis deafness diabetes epilepsy nephropathy syndrome (disorder),SNOMED,1,Other,Genetic,Other
284449005,Congenital total lipodystrophy (disorder),SNOMED,1,Other,Genetic,Other
816067005,Diabetes hypogonadism deafness intellectual disability syndrome (disorder),SNOMED,1,Other,Genetic,Other
390715006,Diabetes mellitus autosomal dominant (disorder),SNOMED,1,Other,Genetic,Other
237616002,Hypogonadism diabetes mellitus alopecia mental retardation and electrocardiographic abnormalities (disorder),SNOMED,1,Other,Genetic,Other
722454003,Intellectual disability craniofacial dysmorphism hypogonadism diabetes mellitus syndrome (disorder),SNOMED,1,Other,Genetic,Other
782755007,Primary microcephaly mild intellectual disability young-onset diabetes syndrome (disorder),SNOMED,1,Other,Genetic,Other
724276006,X-linked immune dysregulation polyendocrinopathy enteropathy syndrome (disorder),SNOMED,1,Other,Genetic,Other
237619009,Diabetes-deafness syndrome maternally transmitted (disorder),SNOMED,1,Other,Genetic ,Other
721973006,Lipodystrophy intellectual disability deafness syndrome (disorder),SNOMED,1,Other,Genetic ,Other
237608006,Lipodystrophy partial with Rieger anomaly short stature and insulinopenic diabetes mellitus (disorder),SNOMED,1,Other,Genetic ,Other
335621000000101,Maternally inherited diabetes mellitus (disorder),SNOMED,1,Other,Genetic ,Other
237617006,Megaloblastic anemia thiamine-responsive with diabetes mellitus and sensorineural deafness (disorder),SNOMED,1,Other,Genetic ,Other
722206009,Pancreatic hypoplasia diabetes mellitus congenital heart disease syndrome (disorder),SNOMED,1,Other,Genetic ,Other
237612000,Photomyoclonus diabetes mellitus deafness nephropathy and cerebral dysfunction (disorder),SNOMED,1,Other,Genetic ,Other
33559001,Pineal hyperplasia AND diabetes mellitus syndrome (disorder),SNOMED,1,Other,Genetic ,Other
190447002,Steroid-induced diabetes (disorder),SNOMED,1,Other,Glucocorticoids,
190416008,Steroid-induced diabetes mellitus without complication (disorder),SNOMED,1,Other,Glucocorticoids,
127012008,Lipoatrophic diabetes (disorder),SNOMED,1,Other,Lipoatrophy,
112991000000101,Lipoatrophic diabetes mellitus without complication (disorder),SNOMED,1,Other,Lipoatrophy,
51002006,Diabetes mellitus associated with pancreatic disease (disorder),SNOMED,1,Other,Pancreatic disease,
105401000119101,Diabetes mellitus due to pancreatic injury (disorder),SNOMED,1,Other,Pancreatic disease,
122481000000101,Fibrocalculous pancreatic diabetes,SNOMED,1,Other,Pancreatic disease,
99261000000102,Fibrocalculous pancreatic diabetes,SNOMED,1,Other,Pancreatic disease,
2751001,Fibrocalculous pancreatic diabetes (disorder),SNOMED,1,Other,Pancreatic disease,
408545008,Fibrocalculous pancreatic diabetes (disorder),SNOMED,1,Other,Pancreatic disease,
413184002,Fibrocalculous pancreatopathy without complication (disorder),SNOMED,1,Other,Pancreatic disease,
104031000000108,Secondary pancreatic diabetes mellitus,SNOMED,1,Other,Pancreatic disease,
122411000000108,Secondary pancreatic diabetes mellitus without complication,SNOMED,1,Other,Pancreatic disease,
122961000000101,Secondary pancreatic diabetes mellitus without complication (disorder),SNOMED,1,Other,Pancreatic disease,
303059007,Postpancreatectomy hypoinsulinemia (disorder),SNOMED,1,Other,Pancreatic disease,
771571000000102,History of secondary diabetes mellitus (situation),SNOMED,1,Other,Secondary,
368601000119102,Hyperosmolar coma due to secondary diabetes mellitus (disorder),SNOMED,1,Other,Secondary,
368711000119106,Mild nonproliferative retinopathy due to secondary diabetes mellitus (disorder),SNOMED,1,Other,Secondary,
368741000119105,Moderate non-proliferative retinopathy due to secondary diabetes mellitus (disorder),SNOMED,1,Other,Secondary,
368721000119104,Non-proliferative retinopathy due to secondary diabetes mellitus (disorder),SNOMED,1,Other,Secondary,
8801005,Secondary diabetes mellitus (disorder),SNOMED,1,Other,Secondary,
237601000,Secondary endocrine diabetes mellitus (disorder),SNOMED,1,Other,Secondary,
445260006,Posttransplant diabetes mellitus (disorder),SNOMED,1,Other,Secondary,
59079001,Diabetes mellitus associated with hormonal etiology (disorder),SNOMED,1,Other,,
42954008,Diabetes mellitus associated with receptor abnormality (disorder),SNOMED,1,Other,,
737212004,Diabetes mellitus caused by chemical (disorder),SNOMED,1,Other,,
75682002,Diabetes mellitus caused by insulin receptor antibodies (disorder),SNOMED,1,Other,,
408540003,Diabetes mellitus caused by non-steroid drugs (disorder),SNOMED,1,Other,,
413183008,Diabetes mellitus caused by non-steroid drugs without complication (disorder),SNOMED,1,Other,,
E14,Unspecified diabetes mellitus,ICD10,1,Diabetes NOS,,
E140,Unspecified diabetes mellitus with coma,ICD10,1,Diabetes NOS,,
E141,Unspecified diabetes mellitus with ketoacidosis,ICD10,1,Diabetes NOS,,
E142,Unspecified diabetes mellitus with renal complications,ICD10,1,Diabetes NOS,,
E143,Unspecified diabetes mellitus with ophthalmic complications,ICD10,1,Diabetes NOS,,
E144,Unspecified diabetes mellitus with neurological complications,ICD10,1,Diabetes NOS,,
E145,Unspecified diabetes mellitus with peripheral circulatory complications,ICD10,1,Diabetes NOS,,
E146,Unspecified diabetes mellitus with other specified complications,ICD10,1,Diabetes NOS,,
E147,Unspecified diabetes mellitus with multiple complications,ICD10,1,Diabetes NOS,,
E148,Unspecified diabetes mellitus with unspecified complications,ICD10,1,Diabetes NOS,,
E149,Unspecified diabetes mellitus without complications,ICD10,1,Diabetes NOS,,
G590,Diabetic mononeuropathy,ICD10,1,Diabetes NOS,,
G632,Diabetic polyneuropathy,ICD10,1,Diabetes NOS,,
H280,Diabetic cataract,ICD10,1,Diabetes NOS,,
H360,Diabetic retinopathy,ICD10,1,Diabetes NOS,,
M142,Diabetic arthropathy,ICD10,1,Diabetes NOS,,
N083,Glomerular disorders in diabetes mellitus,ICD10,1,Diabetes NOS,,
Y423,Insulin and oral hypoglycaemic [antidiabetic] drugs,ICD10,1,Diabetes NOS,,
E13,Other specified diabetes mellitus,ICD10,1,Diabetes NOS,,
E130,Other specified diabetes mellitus with coma,ICD10,1,Diabetes NOS,,
E131,Other specified diabetes mellitus with ketoacidosis,ICD10,1,Diabetes NOS,,
E132,Other specified diabetes mellitus with renal complications,ICD10,1,Diabetes NOS,,
E133,Other specified diabetes mellitus with ophthalmic complications,ICD10,1,Diabetes NOS,,
E134,Other specified diabetes mellitus with neurological complications,ICD10,1,Diabetes NOS,,
E135,Other specified diabetes mellitus with peripheral circulatory complications,ICD10,1,Diabetes NOS,,
E136,Other specified diabetes mellitus with other specified complications,ICD10,1,Diabetes NOS,,
E137,Other specified diabetes mellitus with multiple complications,ICD10,1,Diabetes NOS,,
E138,Other specified diabetes mellitus with unspecified complications,ICD10,1,Diabetes NOS,,
E139,Other specified diabetes mellitus without complications,ICD10,1,Diabetes NOS,,
O243,"Diabetes mellitus in pregnancy: Pre-existing diabetes mellitus, unspecified",ICD10,1,Diabetes NOS,,
5.30558861000132E+017,Atypical diabetes mellitus,SNOMED,1,Diabetes NOS,Atypical,
5.30558861000132E+017,Atypical diabetes mellitus (disorder),SNOMED,1,Diabetes NOS,Atypical,
368141000119106,Autonomic neuropathy due to drug induced diabetes mellitus (disorder),SNOMED,1,Diabetes NOS,Drug Induced,
368151000119108,Cataract due to drug induced diabetes mellitus (disorder),SNOMED,1,Diabetes NOS,Drug Induced,
368171000119104,Dermatitis due to drug induced diabetes mellitus (disorder),SNOMED,1,Diabetes NOS,Drug Induced,
368201000119100,Disorder of kidney due to drug induced diabetes mellitus (disorder),SNOMED,1,Diabetes NOS,Drug Induced,
368421000119108,Chronic kidney disease stage 1 due to drug induced diabetes mellitus (disorder),SNOMED,1,Diabetes NOS,Drug Induced,
368431000119106,Chronic kidney disease stage 2 due to drug induced diabetes mellitus (disorder),SNOMED,1,Diabetes NOS,Drug Induced,
368441000119102,Chronic kidney disease stage 3 due to drug induced diabetes mellitus (disorder),SNOMED,1,Diabetes NOS,Drug Induced,
368451000119100,Chronic kidney disease stage 4 due to drug induced diabetes mellitus (disorder),SNOMED,1,Diabetes NOS,Drug Induced,
368461000119103,Chronic kidney disease stage 5 due to drug induced diabetes mellitus (disorder),SNOMED,1,Diabetes NOS,Drug Induced,
368471000119109,End stage renal disease on dialysis due to drug induced diabetes mellitus (disorder),SNOMED,1,Diabetes NOS,Drug Induced,
5368009,Drug-induced diabetes mellitus (disorder),SNOMED,1,Diabetes NOS,Drug Induced,
103981000119101,Proliferative retinopathy following surgery due to diabetes mellitus (disorder),SNOMED,1,Diabetes NOS,Due to diabetes,
1.06604710001191E+016,Ulcer of left foot due to type 2 diabetes mellitus,SNOMED,1,Diabetes NOS,Due to diabetes,
111556005,Ketoacidosis without coma due to diabetes mellitus (disorder),SNOMED,1,Diabetes NOS,Due to diabetes,
126534007,Mixed sensorimotor polyneuropathy due to diabetes mellitus (disorder),SNOMED,1,Diabetes NOS,Due to diabetes,
126535008,Motor polyneuropathy due to diabetes mellitus (disorder),SNOMED,1,Diabetes NOS,Due to diabetes,
127011001,Sensory neuropathy due to diabetes mellitus (disorder),SNOMED,1,Diabetes NOS,Due to diabetes,
127013003,Disorder of kidney due to diabetes mellitus (disorder),SNOMED,1,Diabetes NOS,Due to diabetes,
127014009,Peripheral angiopathy due to diabetes mellitus (disorder),SNOMED,1,Diabetes NOS,Due to diabetes,
1.68908810001191E+016,History of proliferative retinopathy due to diabetes mellitus (situation),SNOMED,1,Diabetes NOS,Due to diabetes,
170766006,Loss of hypoglycemic warning due to diabetes mellitus (disorder),SNOMED,1,Diabetes NOS,Due to diabetes,
193141005,Mononeuritis multiplex due to diabetes mellitus (disorder),SNOMED,1,Diabetes NOS,Due to diabetes,
193183000,Acute painful neuropathy due to diabetes mellitus (disorder),SNOMED,1,Diabetes NOS,Due to diabetes,
193184006,Chronic painful neuropathy due to diabetes mellitus (disorder),SNOMED,1,Diabetes NOS,Due to diabetes,
193185007,Asymptomatic neuropathy due to diabetes mellitus (disorder),SNOMED,1,Diabetes NOS,Due to diabetes,
193349004,Preproliferative retinopathy due to diabetes mellitus (disorder),SNOMED,1,Diabetes NOS,Due to diabetes,
193350004,Advanced maculopathy due to diabetes mellitus (disorder),SNOMED,1,Diabetes NOS,Due to diabetes,
193489006,Iritis due to diabetes mellitus (disorder),SNOMED,1,Diabetes NOS,Due to diabetes,
19378003,Pseudotabes due to diabetes mellitus (disorder),SNOMED,1,Diabetes NOS,Due to diabetes,
197605007,Nephrotic syndrome due to diabetes mellitus (disorder),SNOMED,1,Diabetes NOS,Due to diabetes,
200687002,Cellulitis of foot due to diabetes mellitus (disorder),SNOMED,1,Diabetes NOS,Due to diabetes,
201250006,Ischemic ulcer of foot due to diabetes mellitus (disorder),SNOMED,1,Diabetes NOS,Due to diabetes,
201251005,Neuropathic ulcer of foot due to diabetes mellitus (disorder),SNOMED,1,Diabetes NOS,Due to diabetes,
201723002,Cheiroarthropathy due to diabetes mellitus (disorder),SNOMED,1,Diabetes NOS,Due to diabetes,
201724008,Neuropathic arthropathy due to diabetes mellitus (disorder),SNOMED,1,Diabetes NOS,Due to diabetes,
230572002,Neuropathy due to diabetes mellitus (disorder),SNOMED,1,Diabetes NOS,Due to diabetes,
230574001,Acute painful polyneuropathy due to diabetes mellitus (disorder),SNOMED,1,Diabetes NOS,Due to diabetes,
230575000,Chronic painful polyneuropathy due to diabetes mellitus (disorder),SNOMED,1,Diabetes NOS,Due to diabetes,
230576004,Asymmetric polyneuropathy due to diabetes mellitus (disorder),SNOMED,1,Diabetes NOS,Due to diabetes,
230577008,Mononeuropathy due to diabetes mellitus (disorder),SNOMED,1,Diabetes NOS,Due to diabetes,
230579006,Thoracic radiculopathy due to diabetes mellitus (disorder),SNOMED,1,Diabetes NOS,Due to diabetes,
232020009,Disorder of macula due to diabetes mellitus (disorder),SNOMED,1,Diabetes NOS,Due to diabetes,
232021008,Proliferative retinopathy with optic disc neovascularization due to diabetes mellitus (disorder),SNOMED,1,Diabetes NOS,Due to diabetes,
232022001,Proliferative retinopathy with neovascularization elsewhere than the optic disc due to diabetes mellitus (disorder),SNOMED,1,Diabetes NOS,Due to diabetes,
232023006,Traction detachment of retina due to diabetes mellitus (disorder),SNOMED,1,Diabetes NOS,Due to diabetes,
236499007,Microalbuminuric nephropathy due to diabetes mellitus (disorder),SNOMED,1,Diabetes NOS,Due to diabetes,
236500003,Proteinuric nephropathy due to diabetes mellitus (disorder),SNOMED,1,Diabetes NOS,Due to diabetes,
237620003,Abnormal metabolic state due to diabetes mellitus (disorder),SNOMED,1,Diabetes NOS,Due to diabetes,
237621004,Severe hyperglycemia due to diabetes mellitus (disorder),SNOMED,1,Diabetes NOS,Due to diabetes,
237632004,Hypoglycemic event due to diabetes (disorder),SNOMED,1,Diabetes NOS,Due to diabetes,
237633009,Hypoglycemia due to diabetes mellitus (disorder),SNOMED,1,Diabetes NOS,Due to diabetes,
237635002,Nocturnal hypoglycemia due to diabetes mellitus (disorder),SNOMED,1,Diabetes NOS,Due to diabetes,
238981002,Disorder of soft tissue due to diabetes mellitus (disorder),SNOMED,1,Diabetes NOS,Due to diabetes,
238982009,Dermopathy due to diabetes mellitus (disorder),SNOMED,1,Diabetes NOS,Due to diabetes,
238983004,Thick skin syndrome due to diabetes mellitus (disorder),SNOMED,1,Diabetes NOS,Due to diabetes,
238984005,Rubeosis faciei due to diabetes mellitus (disorder),SNOMED,1,Diabetes NOS,Due to diabetes,
25093002,Disorder of eye due to diabetes mellitus (disorder),SNOMED,1,Diabetes NOS,Due to diabetes,
25412000,Microaneurysm of retinal artery due to diabetes mellitus (disorder),SNOMED,1,Diabetes NOS,Due to diabetes,
26298008,Ketoacidotic coma due to diabetes mellitus (disorder),SNOMED,1,Diabetes NOS,Due to diabetes,
267604001,Myasthenic syndrome due to diabetic mellitus (disorder),SNOMED,1,Diabetes NOS,Due to diabetes,
309426007,Glomerulopathy due to diabetes mellitus (disorder),SNOMED,1,Diabetes NOS,Due to diabetes,
310387003,Intracapillary glomerulosclerosis of kidney due to diabetes mellitus (disorder),SNOMED,1,Diabetes NOS,Due to diabetes,
310505005,Hyperosmolar non-ketotic state due to diabetes mellitus (disorder),SNOMED,1,Diabetes NOS,Due to diabetes,
311782002,Advanced retinal disease due to diabetes mellitus (disorder),SNOMED,1,Diabetes NOS,Due to diabetes,
312903003,Mild nonproliferative retinopathy due to diabetes mellitus (disorder),SNOMED,1,Diabetes NOS,Due to diabetes,
312904009,Moderate nonproliferative retinopathy due to diabetes mellitus (disorder),SNOMED,1,Diabetes NOS,Due to diabetes,
312905005,Severe nonproliferative retinopathy due to diabetes mellitus (disorder),SNOMED,1,Diabetes NOS,Due to diabetes,
312906006,Non-high-risk proliferative retinopathy due to diabetes mellitus (disorder),SNOMED,1,Diabetes NOS,Due to diabetes,
312907002,High risk proliferative retinopathy due to diabetes mellitus (disorder),SNOMED,1,Diabetes NOS,Due to diabetes,
312908007,Quiescent proliferative retinopathy due to diabetes mellitus (disorder),SNOMED,1,Diabetes NOS,Due to diabetes,
312909004,Proliferative retinopathy with iris neovascularization due to diabetes mellitus (disorder),SNOMED,1,Diabetes NOS,Due to diabetes,
312910009,Vitreous hemorrhage due to diabetes mellitus (disorder),SNOMED,1,Diabetes NOS,Due to diabetes,
312912001,Macular edema due to diabetes mellitus (disorder),SNOMED,1,Diabetes NOS,Due to diabetes,
314010006,Diffuse exudative maculopathy due to diabetes mellitus (disorder),SNOMED,1,Diabetes NOS,Due to diabetes,
314011005,Focal exudative maculopathy due to diabetes mellitus (disorder),SNOMED,1,Diabetes NOS,Due to diabetes,
314014002,Ischemic maculopathy due to diabetes mellitus (disorder),SNOMED,1,Diabetes NOS,Due to diabetes,
314015001,Mixed maculopathy due to diabetes mellitus (disorder),SNOMED,1,Diabetes NOS,Due to diabetes,
314537004,Optic papillopathy due to diabetes mellitus (disorder),SNOMED,1,Diabetes NOS,Due to diabetes,
35777006,Mononeuropathy multiplex due to diabetes mellitus (disorder),SNOMED,1,Diabetes NOS,Due to diabetes,
359611005,Neuropathy with neurologic complication due to diabetes mellitus (disorder),SNOMED,1,Diabetes NOS,Due to diabetes,
361216007,Femoral mononeuropathy due to diabetes mellitus (disorder),SNOMED,1,Diabetes NOS,Due to diabetes,
367241000119104,Hyperosmolar coma due to drug induced diabetes mellitus (disorder),SNOMED,1,Diabetes NOS,Due to diabetes,
367261000119100,Hyperosmolarity due to drug induced diabetes mellitus (disorder),SNOMED,1,Diabetes NOS,Due to diabetes,
368181000119101,Ulcer of foot due to drug induced diabetes mellitus (disorder),SNOMED,1,Diabetes NOS,Due to diabetes,
368251000119101,Polyneuropathy due to drug induced diabetes mellitus (disorder),SNOMED,1,Diabetes NOS,Due to diabetes,
371087003,Ulcer of foot due to diabetes mellitus (disorder),SNOMED,1,Diabetes NOS,Due to diabetes,
38046004,Diffuse glomerulosclerosis of kidney due to diabetes mellitus (disorder),SNOMED,1,Diabetes NOS,Due to diabetes,
38205001,Diarrhea due to diabetes mellitus (disorder),SNOMED,1,Diabetes NOS,Due to diabetes,
39058009,Lumbosacral radiculoplexus neuropathy due to diabetes mellitus (disorder),SNOMED,1,Diabetes NOS,Due to diabetes,
390834004,Nonproliferative retinopathy due to diabetes mellitus (disorder),SNOMED,1,Diabetes NOS,Due to diabetes,
39127005,Symmetric proximal motor neuropathy due to diabetes mellitus (disorder),SNOMED,1,Diabetes NOS,Due to diabetes,
39181008,Radiculoplexus neuropathy due to diabetes mellitus (disorder),SNOMED,1,Diabetes NOS,Due to diabetes,
398140007,Post hypoglycemic hyperglycemia due to diabetes mellitus (disorder),SNOMED,1,Diabetes NOS,Due to diabetes,
399862001,High risk proliferative retinopathy without macular edema due to diabetes mellitus (disorder),SNOMED,1,Diabetes NOS,Due to diabetes,
399863006,Very severe nonproliferative retinopathy without macular edema due to diabetes mellitus (disorder),SNOMED,1,Diabetes NOS,Due to diabetes,
399864000,Macular edema not clinically significant due to diabetes mellitus (disorder),SNOMED,1,Diabetes NOS,Due to diabetes,
399865004,Very severe proliferative retinopathy due to diabetes mellitus (disorder),SNOMED,1,Diabetes NOS,Due to diabetes,
399866003,Venous beading of retina due to diabetes mellitus (disorder),SNOMED,1,Diabetes NOS,Due to diabetes,
399868002,Intraretinal microvascular anomaly due to diabetes mellitus (disorder),SNOMED,1,Diabetes NOS,Due to diabetes,
399869005,High risk proliferative retinopathy not amenable to photocoagulation due to diabetes mellitus (disorder),SNOMED,1,Diabetes NOS,Due to diabetes,
399870006,Non-high-risk proliferative retinopathy with no macular edema due to diabetes mellitus (disorder),SNOMED,1,Diabetes NOS,Due to diabetes,
399871005,Visually threatening retinopathy due to diabetes mellitus (disorder),SNOMED,1,Diabetes NOS,Due to diabetes,
399872003,Severe nonproliferative retinopathy with clinically significant macular edema due to diabetes mellitus (disorder),SNOMED,1,Diabetes NOS,Due to diabetes,
399873008,Severe nonproliferative retinopathy without macular edema due to diabetes mellitus (disorder),SNOMED,1,Diabetes NOS,Due to diabetes,
399874002,High risk proliferative retinopathy with clinically significant macula edema due to diabetes mellitus (disorder),SNOMED,1,Diabetes NOS,Due to diabetes,
399875001,Non-high-risk proliferative retinopathy with clinically significant macular edema due to diabetes mellitus (disorder),SNOMED,1,Diabetes NOS,Due to diabetes,
399876000,Very severe nonproliferative retinopathy due to diabetes mellitus (disorder),SNOMED,1,Diabetes NOS,Due to diabetes,
399877009,Very severe nonproliferative retinopathy with clinically significant macular edema due to diabetes mellitus (disorder),SNOMED,1,Diabetes NOS,Due to diabetes,
402864004,Wet gangrene of foot due to diabetes mellitus (disorder),SNOMED,1,Diabetes NOS,Due to diabetes,
419100001,Infection of foot due to diabetes mellitus (disorder),SNOMED,1,Diabetes NOS,Due to diabetes,
420422005,Ketoacidosis due to diabetes mellitus (disorder),SNOMED,1,Diabetes NOS,Due to diabetes,
420662003,Coma due to diabetes mellitus (disorder),SNOMED,1,Diabetes NOS,Due to diabetes,
421725003,Hypoglycemic coma due to diabetes mellitus (disorder),SNOMED,1,Diabetes NOS,Due to diabetes,
421895002,Peripheral vascular disorder due to diabetes mellitus (disorder),SNOMED,1,Diabetes NOS,Due to diabetes,
421966007,Non-ketotic non-hyperosmolar coma due to diabetes mellitus (disorder),SNOMED,1,Diabetes NOS,Due to diabetes,
422088007,Disorder of nervous system due to diabetes mellitus (disorder),SNOMED,1,Diabetes NOS,Due to diabetes,
422126006,Hyperosmolar coma due to diabetes mellitus (disorder),SNOMED,1,Diabetes NOS,Due to diabetes,
422183001,Skin ulcer due to diabetes mellitus (disorder),SNOMED,1,Diabetes NOS,Due to diabetes,
422275004,Gangrene due to diabetes mellitus (disorder),SNOMED,1,Diabetes NOS,Due to diabetes,
424736006,Peripheral neuropathy due to diabetes mellitus (disorder),SNOMED,1,Diabetes NOS,Due to diabetes,
425455002,Glomerulonephritis due to diabetes mellitus (disorder),SNOMED,1,Diabetes NOS,Due to diabetes,
427943001,Ophthalmoplegia due to diabetes mellitus (disorder),SNOMED,1,Diabetes NOS,Due to diabetes,
43959009,Cataract of eye due to diabetes mellitus (disorder),SNOMED,1,Diabetes NOS,Due to diabetes,
441628001,Multiple complications due to diabetes mellitus (disorder),SNOMED,1,Diabetes NOS,Due to diabetes,
441656006,Hyperglycemic crisis due to diabetes mellitus (disorder),SNOMED,1,Diabetes NOS,Due to diabetes,
445170001,Macroalbuminuric nephropathy due to diabetes mellitus (disorder),SNOMED,1,Diabetes NOS,Due to diabetes,
4855003,Retinopathy due to diabetes mellitus (disorder),SNOMED,1,Diabetes NOS,Due to diabetes,
48951005,Bullous disease due to diabetes mellitus (disorder),SNOMED,1,Diabetes NOS,Due to diabetes,
49455004,Polyneuropathy due to diabetes mellitus (disorder),SNOMED,1,Diabetes NOS,Due to diabetes,
50620007,Autonomic neuropathy due to diabetes mellitus (disorder),SNOMED,1,Diabetes NOS,Due to diabetes,
59276001,Proliferative retinopathy due to diabetes mellitus (disorder),SNOMED,1,Diabetes NOS,Due to diabetes,
62260007,Pretibial pigmental patches due to diabetes mellitus (disorder),SNOMED,1,Diabetes NOS,Due to diabetes,
63510008,Nodular glomerulosclerosis of kidney due to diabetes mellitus (disorder),SNOMED,1,Diabetes NOS,Due to diabetes,
704241002,Fetal hypertrophic cardiomyopathy due to maternal diabetes mellitus (disorder),SNOMED,1,Diabetes NOS,Due to diabetes,
707221002,Glomerulosclerosis of kidney due to diabetes mellitus (disorder),SNOMED,1,Diabetes NOS,Due to diabetes,
713457002,Neovascular glaucoma due to diabetes mellitus (disorder),SNOMED,1,Diabetes NOS,Due to diabetes,
713704004,Gastroparesis due to diabetes mellitus (disorder),SNOMED,1,Diabetes NOS,Due to diabetes,
723074006,Renal papillary necrosis due to diabetes mellitus (disorder),SNOMED,1,Diabetes NOS,Due to diabetes,
724136006,Mastopathy due to diabetes mellitus (disorder),SNOMED,1,Diabetes NOS,Due to diabetes,
724810001,Radiculoplexoneuropathy due to diabetes mellitus (disorder),SNOMED,1,Diabetes NOS,Due to diabetes,
724876003,Lesion of skin due to diabetes mellitus (disorder),SNOMED,1,Diabetes NOS,Due to diabetes,
724997001,Lumbosacral plexopathy co-occurrent and due to diabetes mellitus (disorder),SNOMED,1,Diabetes NOS,Due to diabetes,
735200002,Absence of lower limb due to diabetes mellitus (disorder),SNOMED,1,Diabetes NOS,Due to diabetes,
735537007,Hyperosmolar hyperglycemic coma due to diabetes mellitus without ketoacidosis (disorder),SNOMED,1,Diabetes NOS,Due to diabetes,
735538002,Lactic acidosis due to diabetes mellitus (disorder),SNOMED,1,Diabetes NOS,Due to diabetes,
735539005,Metabolic acidosis due to diabetes mellitus (disorder),SNOMED,1,Diabetes NOS,Due to diabetes,
74627003,Complication due to diabetes mellitus (disorder),SNOMED,1,Diabetes NOS,Due to diabetes,
762489000,Acute complication due to diabetes mellitus (disorder),SNOMED,1,Diabetes NOS,Due to diabetes,
768792007,Cataract of right eye due to diabetes mellitus (disorder),SNOMED,1,Diabetes NOS,Due to diabetes,
768793002,Cataract of left eye due to diabetes mellitus (disorder),SNOMED,1,Diabetes NOS,Due to diabetes,
768794008,Cataract of bilateral eyes due to diabetes mellitus (disorder),SNOMED,1,Diabetes NOS,Due to diabetes,
768797001,Iritis of right eye due to diabetes mellitus (disorder),SNOMED,1,Diabetes NOS,Due to diabetes,
768798006,Iritis of left eye due to diabetes mellitus (disorder),SNOMED,1,Diabetes NOS,Due to diabetes,
768799003,Iritis of bilateral eyes due to diabetes mellitus (disorder),SNOMED,1,Diabetes NOS,Due to diabetes,
769181007,Preproliferative retinopathy of right eye due to diabetes mellitus (disorder),SNOMED,1,Diabetes NOS,Due to diabetes,
769182000,Preproliferative retinopathy of left eye due to diabetes mellitus (disorder),SNOMED,1,Diabetes NOS,Due to diabetes,
769183005,Mild nonproliferative retinopathy of right eye due to diabetes mellitus (disorder),SNOMED,1,Diabetes NOS,Due to diabetes,
769184004,Mild nonproliferative retinopathy of left eye due to diabetes mellitus (disorder),SNOMED,1,Diabetes NOS,Due to diabetes,
769185003,Moderate nonproliferative retinopathy of right eye due to diabetes mellitus (disorder),SNOMED,1,Diabetes NOS,Due to diabetes,
769186002,Moderate nonproliferative retinopathy of left eye due to diabetes mellitus (disorder),SNOMED,1,Diabetes NOS,Due to diabetes,
769187006,Severe nonproliferative retinopathy of right eye due to diabetes mellitus (disorder),SNOMED,1,Diabetes NOS,Due to diabetes,
769188001,Severe nonproliferative retinopathy of left eye due to diabetes mellitus (disorder),SNOMED,1,Diabetes NOS,Due to diabetes,
769190000,Very severe nonproliferative retinopathy of right eye due to diabetes mellitus (disorder),SNOMED,1,Diabetes NOS,Due to diabetes,
769191001,Very severe nonproliferative retinopathy of left eye due to diabetes mellitus (disorder),SNOMED,1,Diabetes NOS,Due to diabetes,
769217008,Macular edema of right eye due to diabetes mellitus (disorder),SNOMED,1,Diabetes NOS,Due to diabetes,
769218003,Macular edema of left eye due to diabetes mellitus (disorder),SNOMED,1,Diabetes NOS,Due to diabetes,
769221001,Clinically significant macular edema of right eye due to diabetes mellitus (disorder),SNOMED,1,Diabetes NOS,Due to diabetes,
769222008,Clinically significant macular edema of left eye due to diabetes mellitus (disorder),SNOMED,1,Diabetes NOS,Due to diabetes,
769244003,Disorder of right macula due to diabetes mellitus (disorder),SNOMED,1,Diabetes NOS,Due to diabetes,
769245002,Disorder of left macula due to diabetes mellitus (disorder),SNOMED,1,Diabetes NOS,Due to diabetes,
770094004,Cervical radiculoplexus neuropathy due to diabetes mellitus (disorder),SNOMED,1,Diabetes NOS,Due to diabetes,
770095003,Cranial nerve palsy due to diabetes mellitus (disorder),SNOMED,1,Diabetes NOS,Due to diabetes,
770096002,Erectile dysfunction due to diabetes mellitus (disorder),SNOMED,1,Diabetes NOS,Due to diabetes,
770097006,Clinically significant macular edema due to diabetes mellitus (disorder),SNOMED,1,Diabetes NOS,Due to diabetes,
770323005,Retinal edema due to diabetes mellitus (disorder),SNOMED,1,Diabetes NOS,Due to diabetes,
770324004,Ischemia of retina due to diabetes mellitus (disorder),SNOMED,1,Diabetes NOS,Due to diabetes,
770361008,Vitreous hemorrhage of right eye due to diabetes mellitus (disorder),SNOMED,1,Diabetes NOS,Due to diabetes,
770362001,Vitreous hemorrhage of left eye due to diabetes mellitus (disorder),SNOMED,1,Diabetes NOS,Due to diabetes,
770581008,Microaneurysm of right retinal artery due to diabetes mellitus (disorder),SNOMED,1,Diabetes NOS,Due to diabetes,
770582001,Microaneurysm of left retinal artery due to diabetes mellitus (disorder),SNOMED,1,Diabetes NOS,Due to diabetes,
770599000,Venous beading of right retina due to diabetes mellitus (disorder),SNOMED,1,Diabetes NOS,Due to diabetes,
770600002,Venous beading of left retina due to diabetes mellitus (disorder),SNOMED,1,Diabetes NOS,Due to diabetes,
770765001,Proliferative retinopathy of right eye due to diabetes mellitus (disorder),SNOMED,1,Diabetes NOS,Due to diabetes,
770766000,Proliferative retinopathy of left eye due to diabetes mellitus (disorder),SNOMED,1,Diabetes NOS,Due to diabetes,
788878000,Cardiomyopathy due to diabetes mellitus (disorder),SNOMED,1,Diabetes NOS,Due to diabetes,
789562001,Ulcer of heel due to diabetes mellitus (disorder),SNOMED,1,Diabetes NOS,Due to diabetes,
789568002,Ulcer of midfoot due to diabetes mellitus (disorder),SNOMED,1,Diabetes NOS,Due to diabetes,
789585000,Sensory polyneuropathy due to diabetes mellitus (disorder),SNOMED,1,Diabetes NOS,Due to diabetes,
79554005,Asymmetric proximal motor neuropathy due to diabetes mellitus (disorder),SNOMED,1,Diabetes NOS,Due to diabetes,
816177009,Nonproliferative retinopathy of left eye due to diabetes mellitus (disorder),SNOMED,1,Diabetes NOS,Due to diabetes,
816178004,Nonproliferative retinopathy of right eye due to diabetes mellitus (disorder),SNOMED,1,Diabetes NOS,Due to diabetes,
816961009,Stable treated proliferative retinopathy of right eye due to diabetes mellitus (disorder),SNOMED,1,Diabetes NOS,Due to diabetes,
816962002,Stable treated proliferative retinopathy of left eye due to diabetes mellitus (disorder),SNOMED,1,Diabetes NOS,Due to diabetes,
81830002,Mononeuropathy simplex due to diabetes mellitus (disorder),SNOMED,1,Diabetes NOS,Due to diabetes,
822995009,Hyperglycemia due to diabetes mellitus (disorder),SNOMED,1,Diabetes NOS,Due to diabetes,
82980005,Anemia due to diabetes mellitus (disorder),SNOMED,1,Diabetes NOS,Due to diabetes,
860712005,Disorder of macula of bilateral eyes due to diabetes mellitus present (situation),SNOMED,1,Diabetes NOS,Due to diabetes,
860721006,Disorder of macula of bilateral eyes due to diabetes mellitus (disorder),SNOMED,1,Diabetes NOS,Due to diabetes,
860798008,Glaucoma due to diabetes mellitus (disorder),SNOMED,1,Diabetes NOS,Due to diabetes,
860883001,Generalized autonomic neuropathy due to diabetes mellitus (disorder),SNOMED,1,Diabetes NOS,Due to diabetes,
860977000,Ulcer of right foot due to diabetes mellitus (disorder),SNOMED,1,Diabetes NOS,Due to diabetes,
860978005,Ulcer of left foot due to diabetes mellitus (disorder),SNOMED,1,Diabetes NOS,Due to diabetes,
860979002,Chronic ulcer of right foot due to diabetes mellitus (disorder),SNOMED,1,Diabetes NOS,Due to diabetes,
860980004,Chronic ulcer of left foot due to diabetes mellitus (disorder),SNOMED,1,Diabetes NOS,Due to diabetes,
863879002,At low risk of ulcer of right foot due to diabetes mellitus (finding),SNOMED,1,Diabetes NOS,Due to diabetes,
863880004,At low risk of ulcer of left foot due to diabetes mellitus (finding),SNOMED,1,Diabetes NOS,Due to diabetes,
863881000,At moderate risk of ulcer of left foot due to diabetes mellitus (finding),SNOMED,1,Diabetes NOS,Due to diabetes,
863882007,At increased risk of ulcer of left foot due to diabetes mellitus (finding),SNOMED,1,Diabetes NOS,Due to diabetes,
863883002,At increased risk of ulcer of right foot due to diabetes mellitus (finding),SNOMED,1,Diabetes NOS,Due to diabetes,
863884008,At high risk of ulcer of right foot due to diabetes mellitus (finding),SNOMED,1,Diabetes NOS,Due to diabetes,
863885009,At moderate risk of ulcer of right foot due to diabetes mellitus (finding),SNOMED,1,Diabetes NOS,Due to diabetes,
863886005,At high risk of ulcer of left foot due to diabetes mellitus (finding),SNOMED,1,Diabetes NOS,Due to diabetes,
870420005,Severe nonproliferative retinopathy with venous beading of retina due to diabetes mellitus (disorder),SNOMED,1,Diabetes NOS,Due to diabetes,
870421009,Cystoid macular edema due to diabetes mellitus (disorder),SNOMED,1,Diabetes NOS,Due to diabetes,
870529009,Persistent macular edema due to diabetes mellitus (disorder),SNOMED,1,Diabetes NOS,Due to diabetes,
871778008,Centrally involved macular edema due to diabetes mellitus (disorder),SNOMED,1,Diabetes NOS,Due to diabetes,
871781003,Non centrally involved macular edema due to diabetes mellitus (disorder),SNOMED,1,Diabetes NOS,Due to diabetes,
201252003,Mixed diabetic ulcer - foot (disorder),SNOMED,1,Diabetes NOS,Examination/screening - retinal/foot,
267471001,Diabetes + eye manifestation (& [cataract] or [retinopathy]) (disorder),SNOMED,1,Diabetes NOS,Examination/screening - retinal/foot,
280137006,Diabetic foot (disorder),SNOMED,1,Diabetes NOS,Examination/screening - retinal/foot,
308105005,On examination-Right diabetic foot at risk (finding),SNOMED,1,Diabetes NOS,Examination/screening - retinal/foot,
308106006,On examination-Left diabetic foot at risk (finding),SNOMED,1,Diabetes NOS,Examination/screening - retinal/foot,
390850007,On examination - no right diabetic retinopathy (situation),SNOMED,1,Diabetes NOS,Examination/screening - retinal/foot,
390853009,On examination - no left diabetic retinopathy (situation),SNOMED,1,Diabetes NOS,Examination/screening - retinal/foot,
390854003,On examination - diabetic maculopathy present both eyes (situation),SNOMED,1,Diabetes NOS,Examination/screening - retinal/foot,
390855002,On examination - diabetic maculopathy absent both eyes (situation),SNOMED,1,Diabetes NOS,Examination/screening - retinal/foot,
401191002,Diabetic foot examination (regime/therapy),SNOMED,1,Diabetes NOS,Examination/screening - retinal/foot,
408397002,Diabetic foot examination not indicated (situation),SNOMED,1,Diabetes NOS,Examination/screening - retinal/foot,
408409007,On examination - right eye background diabetic retinopathy (disorder),SNOMED,1,Diabetes NOS,Examination/screening - retinal/foot,
408410002,On examination - left eye background diabetic retinopathy (disorder),SNOMED,1,Diabetes NOS,Examination/screening - retinal/foot,
408411003,On examination - right eye preproliferative diabetic retinopathy (disorder),SNOMED,1,Diabetes NOS,Examination/screening - retinal/foot,
408412005,On examination - left eye preproliferative diabetic retinopathy (disorder),SNOMED,1,Diabetes NOS,Examination/screening - retinal/foot,
408413000,On examination - right eye proliferative diabetic retinopathy (disorder),SNOMED,1,Diabetes NOS,Examination/screening - retinal/foot,
408414006,On examination - left eye proliferative diabetic retinopathy (disorder),SNOMED,1,Diabetes NOS,Examination/screening - retinal/foot,
408415007,On examination - right eye diabetic maculopathy (disorder),SNOMED,1,Diabetes NOS,Examination/screening - retinal/foot,
408416008,On examination - left eye diabetic maculopathy (disorder),SNOMED,1,Diabetes NOS,Examination/screening - retinal/foot,
412752009,Diabetic foot examination declined (situation),SNOMED,1,Diabetes NOS,Examination/screening - retinal/foot,
414894003,On examination - left eye stable treated proliferative diabetic retinopathy (disorder),SNOMED,1,Diabetes NOS,Examination/screening - retinal/foot,
414910007,On examination - right eye stable treated proliferative diabetic retinopathy (disorder),SNOMED,1,Diabetes NOS,Examination/screening - retinal/foot,
417677008,On examination - sight threatening diabetic retinopathy (disorder),SNOMED,1,Diabetes NOS,Examination/screening - retinal/foot,
677741000119109,Non-diabetic proliferative retinopathy of bilateral eyes (disorder),SNOMED,1,Diabetes NOS,Examination/screening - retinal/foot,
775841000000109,Diabetic retinopathy detected by national screening programme (disorder),SNOMED,1,Diabetes NOS,Examination/screening - retinal/foot,
1102351000000100,Ketosis-prone diabetes mellitus,SNOMED,1,Diabetes NOS,Ketosis-prone,
1102351000000105,Ketosis-prone diabetes mellitus (disorder),SNOMED,1,Diabetes NOS,Ketosis-prone,
890171006,Ketosis-prone diabetes mellitus (disorder),SNOMED,1,Diabetes NOS,Ketosis-prone,
106281000119103,Pre-existing diabetes mellitus in mother complicating childbirth (disorder),SNOMED,1,Diabetes NOS,Related to childbirth/pregnancy,
1.07548810001191E+016,Diabetes mellitus in mother complicating childbirth (disorder),SNOMED,1,Diabetes NOS,Related to childbirth/pregnancy,
609563008,Pre-existing diabetes mellitus in pregnancy (disorder),SNOMED,1,Diabetes NOS,Related to childbirth/pregnancy,
315051004,Diabetes resolved (finding),SNOMED,1,Diabetes NOS,Remission,
703136005,Diabetes mellitus in remission (disorder),SNOMED,1,Diabetes NOS,Remission,
111552007,Diabetes mellitus without complication (disorder),SNOMED,1,Diabetes NOS,,
11530004,Brittle diabetes mellitus (finding),SNOMED,1,Diabetes NOS,,
123763000,Houssay's syndrome (disorder),SNOMED,1,Diabetes NOS,,
170745003,Diabetic on diet only (finding),SNOMED,1,Diabetes NOS,,
170747006,Diabetic on insulin (finding),SNOMED,1,Diabetes NOS,,
170763003,Diabetic - good control (finding),SNOMED,1,Diabetes NOS,,
190329007,Diabetes mellitus with hyperosmolar coma (disorder),SNOMED,1,Diabetes NOS,,
198121000000103,Hypoglycaemic warning impaired (disorder),SNOMED,1,Diabetes NOS,,
198131000000101,Hypoglycaemic warning good (disorder),SNOMED,1,Diabetes NOS,,
230573007,Diabetic distal sensorimotor polyneuropathy (disorder),SNOMED,1,Diabetes NOS,,
230578003,Diabetic truncal radiculopathy (disorder),SNOMED,1,Diabetes NOS,,
237622006,Poor glycemic control (disorder),SNOMED,1,Diabetes NOS,,
237650006,Insulin resistance in diabetes (disorder),SNOMED,1,Diabetes NOS,,
25907005,Diabetic gangrene (disorder),SNOMED,1,Diabetes NOS,,
267467004,Diabetes mellitus (& [ketoacidosis]) (disorder),SNOMED,1,Diabetes NOS,,
268519009,Diabetic - poor control (finding),SNOMED,1,Diabetes NOS,,
311366001,Kimmelstiel-Wilson syndrome (disorder),SNOMED,1,Diabetes NOS,,
385041000000108,Diabetes mellitus with multiple complications (disorder),SNOMED,1,Diabetes NOS,,
385051000000106,Pre-existing diabetes mellitus (disorder),SNOMED,1,Diabetes NOS,,
407569005,Patient on maximal tolerated therapy for diabetes (finding),SNOMED,1,Diabetes NOS,,
426875007,Latent autoimmune diabetes mellitus in adult (disorder),SNOMED,1,Diabetes NOS,,
429729007,Diabetic education completed (situation),SNOMED,1,Diabetes NOS,,
446641003,Renal cysts and diabetes syndrome (disorder),SNOMED,1,Diabetes NOS,,
54181000,Diabetes-nephrosis syndrome (disorder),SNOMED,1,Diabetes NOS,,
658011000000104,Diabetes mellitus with other specified manifestation (disorder),SNOMED,1,Diabetes NOS,,
709147009,Gingivitis co-occurrent with diabetes mellitus (disorder),SNOMED,1,Diabetes NOS,,
716031000000106,Excepted from diabetes quality indicators - informed dissent (finding),SNOMED,1,Diabetes NOS,,
716362006,Gingival disease co-occurrent with diabetes mellitus (disorder),SNOMED,1,Diabetes NOS,,
717421000000100,Excepted from diabetes quality indicators - patient unsuitable (finding),SNOMED,1,Diabetes NOS,,
729981000000105,Renal cysts and diabetes syndrome (disorder),SNOMED,1,Diabetes NOS,,
73211009,Diabetes mellitus (disorder),SNOMED,1,Diabetes NOS,,
735199000,History of diabetes related lower limb amputation (situation),SNOMED,1,Diabetes NOS,,
773001000000103,Symptomatic diabetic peripheral neuropathy (disorder),SNOMED,1,Diabetes NOS,,
783722008,Myopathy and diabetes mellitus (disorder),SNOMED,1,Diabetes NOS,,
80660001,Mauriac's syndrome (disorder),SNOMED,1,Diabetes NOS,,
894741000000107,Hypoglycaemic warning absent (disorder),SNOMED,1,Diabetes NOS,,
E12,Malnutrition-related diabetes mellitus,ICD10,0,Removed,Malnutrition,
E120,Malnutrition-related diabetes mellitus With coma,ICD10,0,Removed,Malnutrition,
E121,Malnutrition-related diabetes mellitus With ketoacidosis,ICD10,0,Removed,Malnutrition,
E122,Malnutrition-related diabetes mellitus With renal complications,ICD10,0,Removed,Malnutrition,
E123,Malnutrition-related diabetes mellitus With ophthalmic complications,ICD10,0,Removed,Malnutrition,
E124,Malnutrition-related diabetes mellitus With neurological complications,ICD10,0,Removed,Malnutrition,
E125,Malnutrition-related diabetes mellitus With peripheral circulatory complications,ICD10,0,Removed,Malnutrition,
E126,Malnutrition-related diabetes mellitus With other specified complications,ICD10,0,Removed,Malnutrition,
E127,Malnutrition-related diabetes mellitus With multiple complications,ICD10,0,Removed,Malnutrition,
E128,Malnutrition-related diabetes mellitus With unspecified complications,ICD10,0,Removed,Malnutrition,
E129,Malnutrition-related diabetes mellitus Without complications,ICD10,0,Removed,Malnutrition,
O242,Diabetes mellitus in pregnancy: Pre-existing malnutrition-related diabetes mellitus,ICD10,0,Removed,Malnutrition,
O244,Diabetes mellitus arising in pregnancy,ICD10,0,Removed,Gestational,
O249,"Diabetes mellitus in pregnancy, unspecified",ICD10,0,Removed,Gestational,
1.07534910001191E+016,Gestational diabetes mellitus in childbirth (disorder),SNOMED,0,Removed,Gestational,
1.07548810001191E+016,Diabetes mellitus in mother complicating childbirth,SNOMED,0,Removed,Gestational,
11687002,Gestational diabetes mellitus (disorder),SNOMED,0,Removed,Gestational,
199223000,Diabetes mellitus during pregnancy childbirth and the puerperium (disorder),SNOMED,0,Removed,Gestational,
40801000119106,Gestational diabetes mellitus complicating pregnancy (disorder),SNOMED,0,Removed,Gestational,
420491007,"Gestational diabetes mellitus, class H (disorder)",SNOMED,0,Removed,Gestational,
420738003,"Gestational diabetes mellitus, class T (disorder)",SNOMED,0,Removed,Gestational,
420989005,"Gestational diabetes mellitus, class R (disorder)",SNOMED,0,Removed,Gestational,
421223006,"Gestational diabetes mellitus, class F (disorder)",SNOMED,0,Removed,Gestational,
421389009,"Gestational diabetes mellitus, class C (disorder)",SNOMED,0,Removed,Gestational,
421443003,"Gestational diabetes mellitus, class D (disorder)",SNOMED,0,Removed,Gestational,
422155003,"Gestational diabetes mellitus, class B (disorder)",SNOMED,0,Removed,Gestational,
46894009,Gestational diabetes mellitus class A2 (disorder),SNOMED,0,Removed,Gestational,
71546005,"Gestational diabetes mellitus, class B>1< (disorder)",SNOMED,0,Removed,Gestational,
75022004,Gestational diabetes mellitus class A1 (disorder),SNOMED,0,Removed,Gestational,
190406000,Ketoacidosis due to malnutrition related diabetes mellitus (disorder),SNOMED,0,Removed,Malnutrition,
190407009,Malnutrition-related diabetes mellitus with renal complications (disorder),SNOMED,0,Removed,Malnutrition,
190410002,Malnutrition-related diabetes mellitus with peripheral circulatory complications (disorder),SNOMED,0,Removed,Malnutrition,
190411003,Multiple complications due to malnutrition related diabetes (disorder),SNOMED,0,Removed,Malnutrition,
190412005,Malnutrition-related diabetes mellitus without complications (disorder),SNOMED,0,Removed,Malnutrition,
199231005,Pre-existing malnutrition-related diabetes mellitus (disorder),SNOMED,0,Removed,Malnutrition,
237600004,Malnutrition-related diabetes mellitus - fibrocalculous (disorder),SNOMED,0,Removed,Malnutrition,
420683009,Disorder of nervous system due to malnutrition related diabetes mellitus (disorder),SNOMED,0,Removed,Malnutrition,
420996007,Coma due to malnutrition-related diabetes mellitus (disorder),SNOMED,0,Removed,Malnutrition,
421256007,Disorder of eye due to malnutrition related diabetes mellitus (disorder),SNOMED,0,Removed,Malnutrition,
57886004,Protein-deficient diabetes mellitus (disorder),SNOMED,0,Removed,Malnutrition,
75524006,Malnutrition related diabetes mellitus (disorder),SNOMED,0,Removed,Malnutrition,
1109921000000106,Quality and Outcomes Framework quality indicator-related care invitation (procedure),SNOMED,0,Removed,,
111307005,Leprechaunism syndrome (disorder),SNOMED,0,Removed,,
20678000,Extreme insulin resistance with acanthosis nigricans hirsutism AND autoantibodies to the insulin receptors (disorder),SNOMED,0,Removed,,
237613005,Hyperproinsulinemia (disorder),SNOMED,0,Removed,,
237651005,Insulin resistance - type A (disorder),SNOMED,0,Removed,,
237652003,Insulin resistance - type B (disorder),SNOMED,0,Removed,,
24203005,Extreme insulin resistance with acanthosis nigricans hirsutism AND abnormal insulin receptors (disorder),SNOMED,0,Removed,,
408539000,Insulin autoimmune syndrome (disorder),SNOMED,0,Removed,,
414230000,Family/carer referral to diabetes structured education program (procedure),SNOMED,0,Removed,,
763325000,Insulin resistance (disorder),SNOMED,0,Removed,,
83728000,Polyglandular autoimmune syndrome type 2 (disorder),SNOMED,0,Removed,,
134395001,Diabetic retinopathy screening (procedure),SNOMED,0,Removed,Examination/screening - retinal/foot,Procedure Codes
1066911000000100,Diabetes monitoring short message service text message first invitation (procedure),SNOMED,0,Removed,Monitoring,Procedure Codes
1066921000000106,Diabetes monitoring short message service text message second invitation (procedure),SNOMED,0,Removed,Monitoring,Procedure Codes
1066931000000108,Diabetes monitoring short message service text message third invitation (procedure),SNOMED,0,Removed,Monitoring,Procedure Codes
1083111000000108,Diabetes monitoring invitation email (procedure),SNOMED,0,Removed,Monitoring,Procedure Codes
185756006,Diabetes monitoring first letter (procedure),SNOMED,0,Removed,Monitoring,Procedure Codes
185757002,Diabetes monitoring second letter (procedure),SNOMED,0,Removed,Monitoring,Procedure Codes
185758007,Diabetes monitoring third letter (procedure),SNOMED,0,Removed,Monitoring,Procedure Codes
185759004,Diabetes monitoring verbal invite (procedure),SNOMED,0,Removed,Monitoring,Procedure Codes
185760009,Diabetes monitoring telephone invite (procedure),SNOMED,0,Removed,Monitoring,Procedure Codes
310425007,Diabetes monitoring invitation (procedure),SNOMED,0,Removed,Monitoring,Procedure Codes
705072004,Diabetes monitoring invitation by short message service text messaging (procedure),SNOMED,0,Removed,Monitoring,Procedure Codes
722161008,Diabetic retinal eye exam (procedure),SNOMED,0,Removed,On examination/screening - retinal/foot,Procedure Codes
1110921000000100,Quality and Outcomes Framework diabetes mellitus quality indicator-related care invitation (procedure),SNOMED,0,Removed,QOF,Procedure Codes
143401000000102,Quality and Outcomes Framework diabetes mellitus quality indicator-related care invitation using preferred method of communication (procedure),SNOMED,0,Removed,QOF,Procedure Codes
1108731000000100,Referral to online diabetes structured education programme (procedure),SNOMED,0,Removed,Referral,Procedure Codes
1108741000000109,Referral to Healthy Living for People with Diabetes online self-management programme (procedure),SNOMED,0,Removed,Referral,Procedure Codes
306701000000102,Referral to dose adjustment for normal eating diabetes structured education programme (procedure),SNOMED,0,Removed,Referral,Procedure Codes
306741000000104,Referral to diabetes education and self management for ongoing and newly diagnosed diabetes structured programme (procedure),SNOMED,0,Removed,Referral,Procedure Codes
306771000000105,Referral to expert patient education versus routine treatment diabetes structured education programme (procedure),SNOMED,0,Removed,Referral,Procedure Codes
415270003,Referral to diabetes structured education program (procedure),SNOMED,0,Removed,Referral,Procedure Codes
